{"lat0": 57.3739098758479, "lon0": 41.28302146885112}