{"lat0": 57.37375096183688, "lon0": 41.283049382766464}