{"lat0": 57.37391081944061, "lon0": 41.28299358188215}