{"lat0": 57.37385057668877, "lon0": 41.28336927040387}