{"lat0": 57.37482022499421, "lon0": 41.29066368568809}