{"lat0": 57.3738427793346, "lon0": 41.282998638910655}