{"lat0": 57.37479077059876, "lon0": 41.29054306991323}