{"lat0": 57.37380296386224, "lon0": 41.28332732752854}